English,Math,Science,Social_Studies,Language,BDT,ICT,Catering,Sewing,Drama,Computer_games,Drawing,Sports
42,92,46,88,97,66,87,58,58,TRUE,TRUE,TRUE,TRUE
93,59,55,59,59,99,76,100,70,TRUE,TRUE,TRUE,FALSE
93,91,85,77,73,69,49,65,95,TRUE,FALSE,FALSE,FALSE
92,63,75,78,43,42,90,54,99,TRUE,TRUE,FALSE,TRUE
69,94,43,63,63,44,81,72,84,TRUE,TRUE,TRUE,FALSE
63,89,80,97,40,49,62,52,84,FALSE,TRUE,TRUE,TRUE
70,59,62,44,60,65,44,47,69,TRUE,FALSE,TRUE,TRUE
85,59,70,73,44,64,47,76,44,FALSE,TRUE,TRUE,TRUE
64,43,62,79,46,90,84,42,98,FALSE,TRUE,FALSE,FALSE
64,79,41,65,82,40,57,89,44,TRUE,FALSE,TRUE,FALSE
62,100,40,55,86,69,75,58,74,FALSE,FALSE,TRUE,TRUE
79,79,41,59,65,85,65,43,41,TRUE,FALSE,TRUE,TRUE
58,76,77,85,71,56,72,54,53,FALSE,TRUE,FALSE,TRUE
47,54,44,66,95,79,99,41,44,TRUE,TRUE,FALSE,TRUE
92,86,53,51,48,99,57,73,65,TRUE,TRUE,FALSE,TRUE
75,69,61,98,69,55,64,99,73,TRUE,TRUE,FALSE,FALSE
71,66,72,50,54,41,69,44,46,FALSE,FALSE,TRUE,FALSE
94,45,65,60,58,62,69,76,87,TRUE,FALSE,TRUE,FALSE
72,63,89,41,74,63,59,91,88,FALSE,FALSE,FALSE,TRUE
67,45,68,86,83,70,85,97,65,FALSE,TRUE,FALSE,FALSE
100,58,96,49,63,83,53,99,55,FALSE,FALSE,TRUE,FALSE
43,90,77,58,48,40,69,58,83,TRUE,TRUE,FALSE,TRUE
65,99,66,91,76,44,74,61,92,FALSE,FALSE,TRUE,FALSE
100,55,59,51,41,55,57,68,91,TRUE,FALSE,TRUE,TRUE
72,40,74,60,89,94,73,47,52,FALSE,TRUE,FALSE,FALSE
66,94,61,50,80,52,80,44,82,FALSE,FALSE,TRUE,FALSE
61,71,74,44,64,70,84,58,63,FALSE,FALSE,TRUE,TRUE
54,43,58,73,96,42,66,93,73,FALSE,FALSE,FALSE,FALSE
85,65,88,67,46,55,72,77,97,FALSE,TRUE,FALSE,TRUE
46,53,80,52,71,58,48,81,58,TRUE,TRUE,FALSE,FALSE
54,59,61,76,73,56,44,56,40,TRUE,FALSE,TRUE,TRUE
47,75,63,51,46,69,70,65,64,TRUE,TRUE,TRUE,TRUE
66,81,48,49,70,68,54,86,80,FALSE,FALSE,FALSE,TRUE
71,94,92,66,74,49,70,75,62,FALSE,FALSE,TRUE,FALSE
42,80,59,60,44,59,100,79,58,FALSE,TRUE,TRUE,TRUE
87,83,51,41,60,59,60,69,60,TRUE,FALSE,FALSE,FALSE
56,40,73,68,65,84,79,95,63,TRUE,FALSE,TRUE,FALSE
72,92,91,52,93,84,89,92,64,FALSE,TRUE,TRUE,TRUE
54,79,69,99,62,42,71,53,65,FALSE,TRUE,FALSE,TRUE
40,60,46,91,45,92,51,91,64,FALSE,TRUE,TRUE,TRUE
98,93,92,67,54,100,65,65,82,TRUE,FALSE,TRUE,TRUE
90,78,64,80,52,72,46,68,83,FALSE,FALSE,FALSE,FALSE
65,54,91,66,76,93,52,56,83,TRUE,FALSE,FALSE,TRUE
90,83,73,54,76,87,69,57,93,TRUE,FALSE,FALSE,TRUE
54,46,94,53,90,75,82,97,41,FALSE,FALSE,FALSE,FALSE
84,87,99,82,48,80,69,96,69,FALSE,FALSE,FALSE,FALSE
54,84,99,64,90,56,60,58,100,FALSE,TRUE,TRUE,TRUE
50,64,90,77,94,75,59,62,64,TRUE,FALSE,FALSE,FALSE
54,42,68,66,99,59,68,68,57,FALSE,TRUE,TRUE,FALSE
58,81,67,73,91,58,67,87,96,FALSE,TRUE,TRUE,FALSE
80,60,60,82,75,99,54,63,60,FALSE,FALSE,TRUE,FALSE
46,56,54,56,74,81,92,40,63,FALSE,FALSE,FALSE,FALSE
96,93,46,63,65,49,40,94,95,FALSE,FALSE,FALSE,FALSE
63,100,84,51,65,43,53,51,94,TRUE,TRUE,FALSE,TRUE
41,60,92,89,42,67,74,97,94,TRUE,FALSE,TRUE,FALSE
71,81,93,69,81,68,53,60,95,TRUE,TRUE,FALSE,TRUE
93,68,93,77,44,68,93,79,90,FALSE,TRUE,FALSE,FALSE
56,59,46,55,70,58,70,49,75,TRUE,FALSE,FALSE,FALSE
77,74,40,50,67,90,99,64,50,TRUE,TRUE,FALSE,TRUE
95,79,48,51,65,45,83,72,61,TRUE,TRUE,TRUE,TRUE
52,85,86,57,63,98,56,73,63,TRUE,TRUE,FALSE,TRUE
97,52,49,90,63,50,75,86,40,TRUE,FALSE,TRUE,FALSE
48,45,97,46,81,41,66,82,92,TRUE,FALSE,FALSE,TRUE
65,42,45,56,53,57,75,83,91,FALSE,FALSE,TRUE,TRUE
99,91,75,62,76,55,57,74,89,FALSE,TRUE,TRUE,TRUE
70,56,47,45,68,94,93,67,82,FALSE,TRUE,FALSE,TRUE
79,87,86,89,50,59,42,55,97,FALSE,TRUE,FALSE,TRUE
76,89,43,85,52,97,52,42,82,FALSE,FALSE,FALSE,TRUE
57,59,78,75,94,44,84,57,72,TRUE,FALSE,FALSE,TRUE
85,100,57,62,52,46,53,97,88,TRUE,FALSE,FALSE,FALSE
50,83,78,63,79,61,83,61,69,FALSE,TRUE,FALSE,TRUE
47,62,68,99,88,53,76,72,48,TRUE,TRUE,TRUE,TRUE
74,63,44,51,41,59,79,76,84,FALSE,TRUE,TRUE,FALSE
44,55,44,89,44,51,98,93,88,FALSE,TRUE,TRUE,FALSE
82,99,88,95,62,78,85,60,55,TRUE,FALSE,TRUE,FALSE
65,44,65,60,47,42,41,78,54,TRUE,FALSE,FALSE,FALSE
79,75,66,51,65,86,76,84,65,FALSE,TRUE,FALSE,TRUE
44,71,49,83,60,52,72,85,82,TRUE,FALSE,TRUE,FALSE
59,50,80,43,94,85,47,89,42,FALSE,TRUE,FALSE,FALSE
97,72,81,83,59,96,53,42,82,TRUE,FALSE,FALSE,TRUE
41,75,81,77,71,64,41,69,94,TRUE,FALSE,TRUE,FALSE
51,50,56,74,58,55,46,72,44,FALSE,FALSE,TRUE,FALSE
77,88,89,84,96,60,94,56,61,TRUE,FALSE,TRUE,FALSE
94,67,85,62,65,42,85,97,64,TRUE,FALSE,TRUE,FALSE
73,53,77,64,50,94,69,47,66,TRUE,FALSE,TRUE,TRUE
58,51,63,95,74,92,72,87,86,FALSE,FALSE,TRUE,FALSE
45,72,40,76,81,70,93,72,66,FALSE,TRUE,FALSE,TRUE
57,91,73,51,95,73,59,78,73,TRUE,TRUE,TRUE,TRUE
88,79,57,75,45,59,44,72,93,FALSE,TRUE,TRUE,TRUE
88,77,97,67,82,59,43,51,92,TRUE,TRUE,TRUE,TRUE
78,41,73,77,62,51,66,80,96,FALSE,FALSE,FALSE,TRUE
88,50,95,64,52,42,41,97,87,TRUE,TRUE,FALSE,FALSE
70,45,97,65,68,44,43,71,76,FALSE,FALSE,FALSE,FALSE
83,59,61,57,92,51,97,71,80,TRUE,TRUE,TRUE,FALSE
87,80,75,82,55,63,70,57,64,TRUE,TRUE,FALSE,TRUE
64,69,76,48,95,90,77,84,54,FALSE,FALSE,TRUE,TRUE
45,68,98,82,66,67,82,45,95,FALSE,TRUE,FALSE,TRUE
63,96,63,55,54,55,52,69,81,TRUE,FALSE,FALSE,TRUE
44,93,88,93,71,53,82,72,81,TRUE,FALSE,FALSE,FALSE
42,48,94,66,100,82,41,94,59,TRUE,TRUE,FALSE,TRUE
79,49,91,100,90,61,86,99,82,TRUE,FALSE,FALSE,FALSE
42,100,56,75,59,52,72,83,67,TRUE,FALSE,FALSE,FALSE
72,99,91,65,78,98,51,89,48,FALSE,TRUE,TRUE,FALSE
43,72,54,46,73,80,70,54,61,FALSE,TRUE,FALSE,FALSE
43,85,71,87,96,93,91,47,72,TRUE,FALSE,TRUE,FALSE
76,69,76,44,64,96,99,88,57,TRUE,FALSE,FALSE,TRUE
95,63,54,66,46,46,83,72,97,TRUE,TRUE,TRUE,TRUE
69,79,75,45,77,77,42,76,100,TRUE,TRUE,FALSE,FALSE
89,57,80,43,76,82,45,42,81,TRUE,TRUE,FALSE,FALSE
43,93,41,57,57,92,86,67,44,FALSE,TRUE,FALSE,FALSE
54,95,100,54,75,44,54,41,47,TRUE,FALSE,FALSE,FALSE
96,74,60,66,91,69,59,77,67,FALSE,FALSE,TRUE,TRUE
95,40,93,67,84,47,44,82,55,TRUE,TRUE,TRUE,TRUE
48,85,46,58,49,99,65,41,93,TRUE,TRUE,TRUE,TRUE
100,59,65,65,83,40,58,66,78,FALSE,TRUE,TRUE,FALSE
70,77,82,78,94,63,57,48,99,TRUE,FALSE,FALSE,FALSE
77,95,46,81,46,44,51,88,69,FALSE,TRUE,FALSE,TRUE
70,69,80,85,90,84,83,80,77,TRUE,FALSE,FALSE,FALSE
68,74,97,57,47,41,73,70,41,FALSE,TRUE,FALSE,FALSE
62,94,70,95,65,72,55,100,81,FALSE,FALSE,TRUE,TRUE
65,46,56,96,74,71,61,40,63,TRUE,FALSE,TRUE,FALSE
92,50,82,82,81,53,70,76,58,TRUE,TRUE,FALSE,FALSE
62,69,58,71,79,46,84,70,76,TRUE,FALSE,TRUE,FALSE
42,84,42,50,84,54,84,71,45,TRUE,FALSE,FALSE,TRUE
57,75,76,49,88,67,89,66,90,FALSE,FALSE,TRUE,TRUE
71,72,52,46,97,89,99,42,86,TRUE,TRUE,FALSE,FALSE
68,52,44,90,62,82,50,80,86,FALSE,TRUE,FALSE,FALSE
92,49,94,83,56,61,45,89,66,FALSE,FALSE,TRUE,TRUE
61,67,75,77,92,95,47,76,69,TRUE,TRUE,TRUE,TRUE
57,99,98,78,60,40,85,92,40,TRUE,FALSE,TRUE,FALSE
99,92,61,98,74,82,57,82,62,TRUE,FALSE,TRUE,TRUE
90,73,96,41,48,44,72,48,44,TRUE,TRUE,TRUE,TRUE
72,50,63,51,41,78,45,47,85,TRUE,TRUE,TRUE,TRUE
95,82,98,80,82,95,78,98,43,FALSE,TRUE,TRUE,FALSE
78,52,95,62,90,44,58,67,69,FALSE,FALSE,TRUE,TRUE
46,83,92,85,88,92,47,87,48,FALSE,FALSE,FALSE,TRUE
81,68,56,93,93,100,67,95,68,FALSE,FALSE,TRUE,TRUE
68,51,70,97,50,98,81,64,72,FALSE,FALSE,FALSE,TRUE
89,44,55,42,96,76,99,45,62,TRUE,FALSE,FALSE,FALSE
56,54,88,82,58,41,44,54,75,TRUE,FALSE,FALSE,TRUE
78,97,66,94,72,67,94,51,69,TRUE,TRUE,TRUE,FALSE
80,66,94,90,56,50,40,69,87,TRUE,FALSE,TRUE,TRUE
51,92,64,99,82,40,57,63,54,TRUE,FALSE,TRUE,TRUE
77,60,71,56,89,52,72,91,86,FALSE,TRUE,TRUE,FALSE
48,83,59,57,84,99,92,64,71,FALSE,TRUE,TRUE,FALSE
51,46,60,86,71,76,87,95,99,TRUE,FALSE,FALSE,TRUE
89,98,64,62,64,54,76,72,97,FALSE,TRUE,TRUE,TRUE
44,60,62,47,92,64,97,92,65,FALSE,FALSE,FALSE,TRUE
45,72,59,50,66,69,52,80,70,TRUE,TRUE,TRUE,FALSE
40,55,80,90,68,69,88,83,83,FALSE,FALSE,FALSE,TRUE
55,68,42,66,90,61,88,43,45,FALSE,FALSE,TRUE,TRUE
53,71,88,66,43,93,74,94,79,TRUE,TRUE,FALSE,TRUE
59,47,74,52,84,92,97,76,84,TRUE,TRUE,TRUE,TRUE
67,86,57,52,91,56,60,83,51,TRUE,TRUE,FALSE,TRUE
89,75,88,54,90,79,53,54,42,FALSE,TRUE,FALSE,TRUE
86,61,68,59,92,70,54,47,49,TRUE,FALSE,FALSE,FALSE
73,80,89,84,65,62,49,40,92,FALSE,TRUE,FALSE,FALSE
71,68,55,94,62,95,99,46,99,TRUE,TRUE,TRUE,TRUE
45,85,80,85,74,81,70,96,62,FALSE,TRUE,TRUE,TRUE
69,58,66,46,94,64,90,43,68,FALSE,FALSE,TRUE,TRUE
64,93,59,48,62,53,76,45,95,TRUE,TRUE,TRUE,FALSE
80,79,52,97,75,83,40,67,82,FALSE,FALSE,FALSE,TRUE
46,70,74,79,53,43,52,64,91,FALSE,FALSE,FALSE,TRUE
58,75,41,89,84,74,55,76,84,FALSE,FALSE,TRUE,TRUE
98,73,74,59,100,81,46,93,54,TRUE,TRUE,FALSE,TRUE
77,72,94,57,87,49,60,53,71,FALSE,TRUE,FALSE,TRUE
100,94,67,64,77,82,96,72,55,FALSE,TRUE,FALSE,TRUE
45,91,92,88,58,84,68,51,79,TRUE,TRUE,TRUE,FALSE
73,96,53,45,79,45,99,98,50,FALSE,TRUE,FALSE,FALSE
73,94,93,73,53,86,94,83,93,TRUE,FALSE,TRUE,TRUE
69,52,52,80,83,53,91,68,80,FALSE,TRUE,TRUE,TRUE
95,45,79,62,77,98,58,92,100,FALSE,TRUE,TRUE,TRUE
57,41,83,49,97,68,90,71,95,TRUE,TRUE,TRUE,TRUE
62,77,48,52,51,52,73,46,89,FALSE,FALSE,TRUE,TRUE
69,80,82,92,66,71,93,70,79,FALSE,FALSE,FALSE,TRUE
81,85,88,91,52,81,68,83,58,TRUE,FALSE,TRUE,TRUE
49,79,81,42,97,56,47,60,53,TRUE,TRUE,FALSE,FALSE
49,48,49,71,56,97,76,66,96,FALSE,FALSE,FALSE,FALSE
61,45,56,90,42,59,97,86,93,FALSE,FALSE,FALSE,FALSE
44,52,65,69,91,69,96,93,96,TRUE,TRUE,FALSE,TRUE
86,49,85,47,76,66,99,48,76,TRUE,TRUE,FALSE,FALSE
81,83,73,83,83,70,51,40,63,TRUE,FALSE,FALSE,FALSE
53,44,66,53,66,87,95,81,55,FALSE,FALSE,FALSE,FALSE
96,40,41,59,85,58,46,68,53,TRUE,FALSE,FALSE,TRUE
96,93,73,93,65,67,64,60,64,TRUE,TRUE,FALSE,TRUE
86,71,97,76,98,57,94,92,46,FALSE,FALSE,TRUE,FALSE
41,100,61,45,63,60,87,96,63,TRUE,TRUE,TRUE,FALSE
46,93,57,90,65,40,87,78,45,FALSE,FALSE,FALSE,FALSE
87,82,79,53,43,67,56,91,66,TRUE,FALSE,FALSE,TRUE
84,83,60,50,43,45,87,64,64,TRUE,FALSE,FALSE,FALSE
52,53,50,64,52,41,98,65,64,FALSE,TRUE,FALSE,TRUE
47,46,53,81,87,69,84,90,75,TRUE,FALSE,TRUE,TRUE
41,57,87,94,72,85,54,64,66,TRUE,TRUE,FALSE,FALSE
76,67,88,78,63,53,97,99,67,FALSE,TRUE,FALSE,FALSE
95,97,47,99,48,68,46,49,72,TRUE,TRUE,TRUE,TRUE
57,44,85,52,56,88,40,48,83,TRUE,FALSE,FALSE,TRUE
75,44,43,53,52,48,99,94,87,FALSE,FALSE,TRUE,TRUE
78,75,45,66,96,63,76,69,89,TRUE,TRUE,FALSE,TRUE
93,97,87,45,54,71,59,69,79,TRUE,FALSE,FALSE,FALSE
48,57,64,81,88,41,61,71,71,FALSE,TRUE,TRUE,FALSE
98,56,97,95,63,82,61,53,47,TRUE,TRUE,FALSE,TRUE
80,75,96,40,89,51,78,78,52,FALSE,TRUE,TRUE,TRUE
79,87,90,43,53,64,42,61,47,FALSE,TRUE,FALSE,FALSE
93,64,85,59,75,78,86,65,50,TRUE,TRUE,FALSE,FALSE
97,71,60,48,59,73,91,97,55,TRUE,TRUE,FALSE,FALSE
90,54,69,95,64,100,69,55,73,TRUE,FALSE,FALSE,TRUE
67,100,42,69,62,74,100,83,78,TRUE,FALSE,FALSE,TRUE
92,45,45,51,75,100,95,72,69,FALSE,TRUE,TRUE,TRUE
91,52,49,70,61,53,43,49,45,FALSE,TRUE,FALSE,TRUE
47,48,42,69,42,68,57,58,57,TRUE,FALSE,FALSE,FALSE
96,54,82,67,47,81,49,74,90,FALSE,TRUE,FALSE,FALSE
97,82,62,41,51,61,46,48,73,FALSE,FALSE,FALSE,TRUE
73,83,80,47,62,42,49,86,51,FALSE,TRUE,FALSE,TRUE
75,92,55,95,86,62,44,74,74,FALSE,TRUE,FALSE,FALSE
61,67,91,58,92,66,43,60,66,FALSE,FALSE,TRUE,TRUE
88,92,84,97,57,88,93,84,70,FALSE,FALSE,TRUE,FALSE
60,94,65,90,89,43,65,76,75,FALSE,TRUE,FALSE,TRUE
89,88,88,44,47,85,99,43,61,FALSE,TRUE,FALSE,FALSE
62,43,44,41,95,82,62,81,67,TRUE,FALSE,TRUE,FALSE
49,68,51,40,82,55,46,73,47,FALSE,TRUE,TRUE,TRUE
96,81,45,48,62,95,68,95,58,TRUE,TRUE,TRUE,FALSE
62,78,70,64,41,80,41,64,82,FALSE,FALSE,TRUE,FALSE
89,65,80,100,67,95,60,59,54,TRUE,TRUE,FALSE,TRUE
67,70,76,41,83,67,56,80,52,FALSE,TRUE,TRUE,FALSE
75,69,87,65,95,90,76,49,41,TRUE,TRUE,FALSE,TRUE
81,60,83,82,51,65,40,86,79,FALSE,FALSE,FALSE,TRUE
78,53,68,74,96,81,64,57,43,FALSE,TRUE,TRUE,TRUE
85,51,42,79,57,76,77,92,78,FALSE,FALSE,FALSE,FALSE
77,83,55,75,50,62,78,50,81,TRUE,FALSE,FALSE,FALSE
86,56,49,60,71,81,57,65,62,TRUE,TRUE,TRUE,FALSE
76,92,64,41,74,70,93,85,88,FALSE,TRUE,TRUE,FALSE
100,71,54,74,68,97,73,93,99,FALSE,TRUE,FALSE,TRUE
84,85,80,55,61,49,47,85,81,FALSE,FALSE,TRUE,FALSE
73,48,48,92,98,61,67,48,93,FALSE,TRUE,TRUE,FALSE
80,59,76,63,71,95,66,42,43,FALSE,FALSE,FALSE,FALSE
76,90,68,47,59,73,86,40,54,TRUE,TRUE,TRUE,FALSE
71,73,100,68,92,87,41,58,54,TRUE,TRUE,TRUE,FALSE
70,95,64,68,86,87,63,77,94,TRUE,TRUE,TRUE,FALSE
44,49,78,46,47,96,60,74,53,FALSE,FALSE,FALSE,TRUE
61,52,76,61,73,55,68,79,90,FALSE,FALSE,FALSE,TRUE
50,50,82,62,71,77,67,82,84,FALSE,TRUE,TRUE,FALSE
55,62,73,50,75,73,70,82,52,FALSE,FALSE,FALSE,FALSE
64,85,89,57,98,69,100,86,51,FALSE,FALSE,FALSE,FALSE
66,89,99,49,54,58,40,69,76,FALSE,FALSE,FALSE,TRUE
54,95,74,93,80,98,58,76,78,FALSE,FALSE,FALSE,TRUE
49,88,83,77,99,98,89,57,94,TRUE,TRUE,FALSE,TRUE
42,90,71,79,71,64,75,74,74,TRUE,TRUE,TRUE,FALSE
87,84,93,71,94,66,75,100,89,FALSE,TRUE,TRUE,TRUE
65,81,64,93,67,81,97,77,94,TRUE,TRUE,FALSE,FALSE
77,68,63,43,57,70,41,64,55,TRUE,TRUE,TRUE,TRUE
85,47,40,62,81,43,46,74,90,FALSE,TRUE,FALSE,TRUE
78,66,76,75,58,89,98,92,79,TRUE,TRUE,FALSE,TRUE
59,40,87,48,79,44,44,64,45,FALSE,TRUE,TRUE,FALSE
57,97,99,97,63,66,76,40,76,TRUE,FALSE,TRUE,FALSE
68,72,86,71,97,95,75,63,68,TRUE,FALSE,FALSE,TRUE
91,98,91,68,70,90,48,61,58,TRUE,TRUE,FALSE,FALSE
73,64,75,54,85,43,43,88,57,TRUE,TRUE,TRUE,FALSE
53,56,48,62,88,76,55,98,85,TRUE,FALSE,TRUE,TRUE
71,77,77,44,93,40,92,90,66,FALSE,FALSE,TRUE,TRUE
52,56,100,87,79,77,52,45,85,TRUE,FALSE,TRUE,FALSE
49,97,94,91,59,52,77,48,76,FALSE,FALSE,FALSE,TRUE
90,94,40,65,72,67,88,41,49,FALSE,FALSE,TRUE,FALSE
100,80,97,88,71,44,63,95,87,TRUE,FALSE,TRUE,FALSE
59,53,48,95,68,79,81,65,58,TRUE,FALSE,FALSE,FALSE
62,80,76,51,68,85,77,43,85,TRUE,TRUE,FALSE,FALSE
40,86,70,69,72,77,43,79,97,FALSE,FALSE,FALSE,FALSE
86,80,80,67,56,99,97,51,83,TRUE,FALSE,FALSE,TRUE
93,97,77,65,93,50,84,72,66,FALSE,FALSE,TRUE,FALSE
47,58,98,98,99,65,90,40,96,TRUE,FALSE,TRUE,TRUE
53,99,86,48,96,67,54,57,93,FALSE,FALSE,FALSE,FALSE
62,90,56,95,98,65,51,94,41,TRUE,FALSE,TRUE,FALSE
82,79,100,52,43,58,48,95,55,FALSE,TRUE,FALSE,FALSE
82,41,81,76,66,90,56,73,75,TRUE,TRUE,FALSE,FALSE
61,56,65,59,44,46,84,63,65,TRUE,TRUE,FALSE,FALSE
87,73,49,85,97,47,91,95,86,FALSE,FALSE,TRUE,TRUE
68,81,82,78,79,91,64,43,98,TRUE,TRUE,TRUE,FALSE
44,97,67,100,46,64,54,81,85,FALSE,TRUE,TRUE,FALSE
60,65,54,63,89,45,73,50,48,TRUE,FALSE,TRUE,FALSE
68,67,44,83,76,50,92,48,67,FALSE,FALSE,FALSE,FALSE
80,96,42,58,64,77,89,55,79,FALSE,TRUE,TRUE,FALSE
45,75,62,55,82,49,54,46,62,FALSE,TRUE,TRUE,FALSE
83,60,44,80,92,75,73,61,84,FALSE,FALSE,FALSE,FALSE
70,87,80,93,42,43,66,86,53,TRUE,TRUE,FALSE,TRUE
99,67,67,61,54,83,71,44,98,TRUE,TRUE,FALSE,TRUE
65,78,47,85,77,81,81,49,76,TRUE,TRUE,FALSE,FALSE
73,76,79,81,68,49,94,96,52,TRUE,TRUE,FALSE,TRUE
70,40,46,100,41,73,81,52,86,FALSE,FALSE,FALSE,TRUE
48,62,60,48,41,76,63,59,93,FALSE,TRUE,FALSE,TRUE
63,83,55,96,44,87,56,79,61,TRUE,FALSE,TRUE,FALSE
86,62,89,96,42,88,64,86,53,TRUE,TRUE,FALSE,FALSE
59,61,59,96,93,100,95,49,52,FALSE,FALSE,TRUE,TRUE
87,95,58,73,52,52,55,98,88,TRUE,FALSE,TRUE,FALSE
86,90,91,99,61,73,64,41,59,FALSE,FALSE,FALSE,FALSE
49,78,46,92,91,67,41,51,87,TRUE,FALSE,FALSE,FALSE
94,100,59,65,71,41,88,50,72,FALSE,FALSE,TRUE,FALSE
69,53,95,96,62,53,88,59,75,FALSE,TRUE,FALSE,FALSE
98,40,61,83,81,51,100,78,92,TRUE,FALSE,FALSE,TRUE
84,82,95,62,62,51,85,69,98,FALSE,TRUE,TRUE,FALSE
67,49,63,45,79,99,94,70,65,FALSE,TRUE,FALSE,TRUE
66,93,84,47,60,49,65,89,66,TRUE,FALSE,FALSE,TRUE
89,96,93,51,85,94,82,47,74,FALSE,TRUE,FALSE,FALSE
45,91,57,64,75,97,97,100,74,TRUE,FALSE,FALSE,TRUE
42,90,50,84,56,47,83,89,54,FALSE,TRUE,TRUE,FALSE
89,78,52,74,89,57,57,78,97,TRUE,FALSE,FALSE,TRUE
58,53,73,76,62,45,80,76,80,TRUE,TRUE,FALSE,FALSE
50,60,97,58,90,74,83,48,41,TRUE,TRUE,FALSE,TRUE
71,94,97,64,43,54,62,85,60,FALSE,FALSE,TRUE,FALSE
50,63,77,70,100,45,53,92,50,TRUE,FALSE,TRUE,TRUE
46,44,74,73,84,44,62,95,55,FALSE,TRUE,FALSE,TRUE
73,88,75,92,67,83,77,84,53,TRUE,FALSE,FALSE,FALSE
80,95,64,47,78,56,55,41,59,FALSE,TRUE,FALSE,FALSE
70,60,48,97,46,74,86,56,87,TRUE,FALSE,TRUE,FALSE
98,87,75,90,42,69,97,100,81,FALSE,TRUE,TRUE,FALSE
56,68,87,52,74,48,40,44,97,FALSE,TRUE,FALSE,TRUE
40,66,65,58,92,58,72,72,48,FALSE,FALSE,TRUE,TRUE
95,77,42,75,56,53,82,75,82,TRUE,TRUE,FALSE,TRUE
44,51,62,96,85,81,99,66,81,TRUE,TRUE,FALSE,TRUE
84,97,64,43,97,81,74,75,98,TRUE,TRUE,TRUE,TRUE
45,69,81,48,44,100,85,65,82,FALSE,TRUE,FALSE,TRUE
59,44,77,86,83,74,53,71,55,TRUE,TRUE,FALSE,FALSE
85,78,46,67,86,57,71,79,67,FALSE,FALSE,TRUE,TRUE
81,98,69,72,81,70,99,65,64,FALSE,FALSE,TRUE,TRUE
98,41,86,99,99,81,88,71,76,TRUE,TRUE,FALSE,TRUE
66,89,48,58,63,79,75,64,64,FALSE,TRUE,FALSE,TRUE
45,81,90,91,94,97,69,54,94,TRUE,FALSE,FALSE,TRUE
80,54,54,80,70,82,73,42,83,TRUE,FALSE,TRUE,FALSE
85,85,71,46,62,61,48,85,42,FALSE,FALSE,TRUE,TRUE
44,55,87,77,87,74,90,77,41,TRUE,TRUE,TRUE,FALSE
70,59,99,41,47,59,65,94,49,FALSE,FALSE,TRUE,TRUE
48,83,62,63,59,99,51,99,98,FALSE,FALSE,TRUE,TRUE
90,73,71,57,71,67,44,60,70,TRUE,FALSE,TRUE,TRUE
70,50,56,57,88,67,70,72,57,FALSE,TRUE,FALSE,FALSE
42,43,53,50,45,83,66,82,72,FALSE,TRUE,FALSE,FALSE
81,51,43,98,77,66,44,78,80,TRUE,FALSE,FALSE,TRUE
68,45,66,81,47,55,83,96,79,TRUE,TRUE,FALSE,TRUE
92,41,80,79,99,66,69,42,92,FALSE,FALSE,TRUE,TRUE
85,40,89,98,60,69,50,100,49,FALSE,FALSE,FALSE,FALSE
42,77,66,65,82,66,67,81,66,FALSE,TRUE,FALSE,TRUE
75,67,42,95,55,45,63,76,86,FALSE,FALSE,FALSE,TRUE
92,53,86,49,93,95,55,94,75,TRUE,FALSE,FALSE,TRUE
50,56,81,41,59,50,74,60,83,FALSE,FALSE,TRUE,FALSE
78,94,78,83,68,41,53,83,66,TRUE,FALSE,FALSE,FALSE
44,86,91,47,83,69,58,95,73,TRUE,TRUE,FALSE,FALSE
76,93,83,65,91,73,89,75,70,TRUE,FALSE,TRUE,FALSE
43,57,90,88,95,75,80,69,93,FALSE,FALSE,FALSE,FALSE
100,78,68,97,74,68,85,67,86,FALSE,FALSE,FALSE,TRUE
84,41,47,97,73,91,57,54,52,FALSE,TRUE,FALSE,TRUE
50,42,94,48,75,84,54,77,89,TRUE,FALSE,FALSE,FALSE
76,96,54,77,60,78,84,83,81,FALSE,TRUE,TRUE,FALSE
58,77,44,73,97,90,51,64,89,TRUE,TRUE,FALSE,FALSE
80,86,52,49,54,69,67,80,93,FALSE,TRUE,TRUE,TRUE
98,44,92,64,52,57,70,83,41,FALSE,FALSE,TRUE,FALSE
76,95,96,65,61,58,53,91,94,FALSE,TRUE,FALSE,FALSE
95,83,56,92,94,76,64,76,60,TRUE,TRUE,FALSE,FALSE
78,51,50,86,44,51,97,69,74,TRUE,FALSE,TRUE,FALSE
46,47,80,61,46,96,57,63,57,TRUE,FALSE,TRUE,FALSE
57,64,79,60,52,64,87,81,84,TRUE,TRUE,FALSE,TRUE
94,89,55,55,95,75,56,42,85,FALSE,FALSE,TRUE,FALSE
77,62,43,49,66,90,76,98,59,TRUE,TRUE,FALSE,FALSE
80,40,52,47,41,59,84,66,89,TRUE,TRUE,TRUE,FALSE
82,57,81,61,55,47,92,52,52,TRUE,FALSE,FALSE,FALSE
51,62,81,62,77,96,90,75,57,FALSE,FALSE,FALSE,FALSE
55,64,66,56,59,67,67,58,68,FALSE,FALSE,FALSE,FALSE
69,98,52,80,48,57,93,95,98,FALSE,FALSE,FALSE,FALSE
48,46,93,89,56,90,65,48,83,FALSE,TRUE,FALSE,FALSE
97,55,58,85,74,60,73,66,52,FALSE,FALSE,TRUE,TRUE
47,95,81,53,68,53,41,87,81,FALSE,TRUE,TRUE,FALSE
82,97,67,79,76,96,63,80,57,TRUE,TRUE,FALSE,TRUE
70,45,100,99,78,85,53,85,74,TRUE,TRUE,TRUE,TRUE
90,93,74,59,85,40,57,89,70,TRUE,TRUE,FALSE,FALSE
75,46,46,77,50,53,60,49,88,TRUE,TRUE,FALSE,TRUE
67,52,100,54,53,90,74,71,56,FALSE,TRUE,TRUE,TRUE
60,53,46,54,45,52,85,76,92,FALSE,FALSE,FALSE,FALSE
62,88,41,96,83,67,77,95,77,TRUE,TRUE,TRUE,TRUE
62,90,85,46,59,70,51,47,62,TRUE,TRUE,FALSE,TRUE
84,89,76,88,79,66,91,85,90,TRUE,FALSE,FALSE,TRUE
96,43,86,94,86,45,67,100,84,TRUE,FALSE,TRUE,FALSE
43,98,67,95,46,52,80,90,99,FALSE,FALSE,FALSE,FALSE
77,75,49,88,70,90,78,90,80,TRUE,FALSE,FALSE,TRUE
41,57,42,88,78,41,83,43,60,TRUE,FALSE,FALSE,FALSE
93,77,85,49,66,42,77,73,76,FALSE,FALSE,FALSE,FALSE
67,67,40,84,79,68,54,40,82,FALSE,TRUE,FALSE,FALSE
84,78,83,96,88,42,67,95,51,FALSE,FALSE,TRUE,FALSE
70,90,44,80,45,84,53,84,96,FALSE,TRUE,FALSE,TRUE
49,64,53,100,84,59,57,54,84,FALSE,TRUE,FALSE,FALSE
57,87,88,84,77,48,77,89,79,FALSE,FALSE,TRUE,FALSE
88,63,84,57,58,95,83,83,55,FALSE,FALSE,FALSE,FALSE
43,99,97,81,78,69,52,84,80,FALSE,FALSE,TRUE,FALSE
67,72,76,84,87,58,70,85,89,FALSE,FALSE,FALSE,TRUE
67,47,41,68,82,48,100,60,98,FALSE,TRUE,TRUE,TRUE
94,64,42,99,75,79,49,86,47,TRUE,FALSE,FALSE,TRUE
55,55,67,56,89,73,94,55,58,FALSE,TRUE,TRUE,FALSE
44,90,58,87,69,61,63,54,89,TRUE,FALSE,TRUE,FALSE
49,79,42,83,76,87,89,60,87,FALSE,TRUE,TRUE,TRUE
40,74,40,69,59,57,73,67,55,TRUE,FALSE,TRUE,FALSE
67,90,72,87,54,63,54,73,42,TRUE,FALSE,FALSE,TRUE
80,87,78,48,93,92,40,75,77,TRUE,TRUE,FALSE,TRUE
42,58,92,62,88,42,63,56,81,FALSE,TRUE,TRUE,TRUE
65,78,40,76,73,99,74,67,53,FALSE,FALSE,TRUE,TRUE
78,89,57,59,49,68,100,59,49,FALSE,FALSE,FALSE,FALSE
68,41,89,77,62,69,48,54,89,TRUE,TRUE,FALSE,FALSE
76,68,62,50,58,71,74,77,76,FALSE,TRUE,FALSE,TRUE
74,90,40,82,76,90,63,83,95,TRUE,TRUE,TRUE,FALSE
73,94,85,95,42,57,54,81,70,TRUE,TRUE,FALSE,TRUE
64,89,46,75,74,78,44,70,91,TRUE,TRUE,TRUE,FALSE
93,95,100,91,56,75,98,58,94,FALSE,FALSE,FALSE,FALSE
45,98,53,74,57,64,43,82,58,TRUE,FALSE,FALSE,FALSE
84,80,92,90,51,54,62,69,60,FALSE,FALSE,FALSE,TRUE
55,89,46,43,100,66,45,63,77,TRUE,FALSE,TRUE,FALSE
81,77,44,57,100,63,81,46,62,TRUE,FALSE,FALSE,FALSE
89,47,85,83,93,71,69,70,80,FALSE,TRUE,FALSE,FALSE
73,99,66,42,89,89,64,76,84,TRUE,TRUE,TRUE,FALSE
62,44,62,79,87,58,95,74,95,TRUE,TRUE,TRUE,TRUE
58,69,42,92,66,89,44,92,100,TRUE,FALSE,FALSE,FALSE
51,61,96,87,67,81,98,55,75,FALSE,TRUE,FALSE,FALSE
82,87,61,85,62,92,80,57,79,FALSE,FALSE,FALSE,TRUE
80,97,85,86,90,50,41,56,68,FALSE,TRUE,TRUE,TRUE
86,60,78,83,49,54,54,61,60,FALSE,TRUE,FALSE,FALSE
99,52,73,60,61,98,60,48,54,TRUE,TRUE,TRUE,TRUE
44,53,60,70,81,96,64,87,82,FALSE,FALSE,TRUE,FALSE
48,97,52,68,64,85,53,41,68,TRUE,FALSE,FALSE,FALSE
59,48,48,85,52,90,78,76,69,TRUE,FALSE,FALSE,TRUE
90,61,80,62,55,98,88,69,91,FALSE,FALSE,TRUE,FALSE
73,65,87,91,69,74,92,41,69,FALSE,FALSE,FALSE,TRUE
75,89,46,98,84,90,53,73,59,FALSE,FALSE,FALSE,TRUE
78,95,78,98,74,65,88,90,41,TRUE,TRUE,FALSE,FALSE
87,91,75,69,68,100,87,76,54,TRUE,FALSE,FALSE,TRUE
74,77,66,83,86,90,58,50,100,TRUE,TRUE,FALSE,FALSE
42,64,95,70,94,66,44,43,86,FALSE,FALSE,FALSE,TRUE
73,89,43,96,83,82,58,49,69,TRUE,TRUE,TRUE,TRUE
58,81,63,93,63,56,65,78,90,TRUE,TRUE,FALSE,TRUE
76,52,61,68,49,71,88,57,57,TRUE,FALSE,FALSE,TRUE
69,70,74,68,81,96,81,80,69,FALSE,FALSE,TRUE,TRUE
54,50,83,46,80,83,71,70,89,TRUE,FALSE,FALSE,TRUE
80,60,78,45,51,46,97,84,46,FALSE,FALSE,TRUE,FALSE
57,98,48,61,91,62,98,88,100,FALSE,TRUE,TRUE,TRUE
67,45,62,97,67,76,66,48,95,TRUE,FALSE,TRUE,TRUE
75,74,63,41,84,60,90,67,59,FALSE,FALSE,TRUE,TRUE
96,95,72,88,67,87,92,43,44,TRUE,FALSE,FALSE,TRUE
69,53,86,80,60,79,93,89,96,FALSE,FALSE,FALSE,FALSE
62,52,89,100,51,59,42,49,45,TRUE,TRUE,FALSE,FALSE
98,95,74,65,50,96,55,60,95,FALSE,FALSE,TRUE,FALSE
66,62,67,75,89,40,79,81,70,TRUE,TRUE,FALSE,TRUE
99,47,99,89,47,51,68,74,53,FALSE,FALSE,TRUE,FALSE
74,84,92,70,77,74,64,66,44,FALSE,FALSE,TRUE,FALSE
51,62,57,98,88,89,76,56,85,TRUE,TRUE,FALSE,TRUE
66,83,82,50,52,48,70,73,68,TRUE,TRUE,TRUE,FALSE
90,80,69,94,75,67,51,69,92,TRUE,FALSE,TRUE,FALSE
70,53,73,85,100,85,74,52,73,TRUE,TRUE,TRUE,TRUE
68,40,47,90,82,41,48,87,56,FALSE,TRUE,TRUE,FALSE
88,63,45,90,94,69,88,84,58,TRUE,FALSE,FALSE,FALSE
65,98,42,96,78,96,69,85,43,TRUE,TRUE,TRUE,TRUE
57,61,51,83,89,72,62,68,72,FALSE,TRUE,TRUE,TRUE
65,70,72,59,86,96,98,82,51,FALSE,TRUE,FALSE,FALSE
83,71,87,49,45,76,100,100,84,TRUE,FALSE,FALSE,TRUE
47,72,45,83,83,89,78,74,71,TRUE,FALSE,TRUE,FALSE
41,69,80,64,59,67,49,64,48,FALSE,TRUE,FALSE,FALSE
69,47,43,90,82,57,100,94,70,FALSE,TRUE,TRUE,FALSE
92,91,75,91,92,87,71,80,95,FALSE,FALSE,FALSE,FALSE
43,66,87,98,64,91,90,62,53,TRUE,TRUE,TRUE,TRUE
88,71,56,48,67,96,60,41,83,FALSE,FALSE,FALSE,FALSE
65,64,96,100,91,66,67,78,87,TRUE,TRUE,TRUE,TRUE
57,91,50,98,63,47,84,47,86,TRUE,TRUE,TRUE,TRUE
81,51,69,55,92,48,52,56,95,TRUE,FALSE,TRUE,FALSE
48,49,79,85,84,73,53,69,59,FALSE,TRUE,FALSE,TRUE
68,59,92,98,52,98,96,91,47,FALSE,TRUE,TRUE,TRUE
53,57,49,91,58,60,53,43,65,FALSE,FALSE,FALSE,TRUE
40,92,96,80,42,83,82,85,65,TRUE,TRUE,FALSE,TRUE
57,62,51,48,78,76,71,53,88,FALSE,TRUE,TRUE,FALSE
49,91,89,44,98,79,95,61,65,FALSE,FALSE,FALSE,TRUE
66,91,69,63,45,71,66,94,82,FALSE,FALSE,TRUE,FALSE
68,42,53,97,77,70,55,64,75,FALSE,TRUE,FALSE,FALSE
88,56,79,90,63,88,62,79,90,TRUE,TRUE,TRUE,FALSE
41,52,79,95,59,43,55,48,63,FALSE,TRUE,TRUE,TRUE
70,83,94,87,71,43,90,99,46,FALSE,FALSE,TRUE,TRUE
69,54,65,62,70,47,43,94,87,FALSE,TRUE,FALSE,FALSE
70,79,49,93,72,40,49,43,67,TRUE,TRUE,FALSE,TRUE
51,93,55,91,92,61,66,71,52,FALSE,FALSE,TRUE,FALSE
53,61,55,86,88,93,87,88,77,TRUE,FALSE,FALSE,FALSE
70,53,49,65,84,83,70,49,50,FALSE,TRUE,TRUE,FALSE
67,43,76,81,98,49,56,91,76,TRUE,TRUE,TRUE,FALSE
50,79,72,51,72,42,54,50,88,TRUE,FALSE,TRUE,FALSE
78,85,41,46,90,78,89,52,83,TRUE,TRUE,FALSE,TRUE
44,53,78,100,45,87,95,71,45,FALSE,TRUE,FALSE,TRUE
73,64,100,86,46,71,42,46,72,TRUE,FALSE,FALSE,FALSE
62,56,55,94,61,42,66,76,68,FALSE,FALSE,TRUE,FALSE
89,76,78,62,54,85,84,99,63,TRUE,FALSE,FALSE,FALSE
100,100,62,82,99,74,53,52,45,TRUE,FALSE,FALSE,FALSE
73,84,67,54,60,43,91,100,65,FALSE,TRUE,TRUE,TRUE
72,78,42,74,65,82,51,91,99,TRUE,TRUE,FALSE,FALSE
49,79,88,41,80,97,45,77,58,FALSE,TRUE,TRUE,FALSE
94,81,59,87,83,98,86,99,77,TRUE,TRUE,FALSE,TRUE
48,72,94,98,44,82,70,88,47,FALSE,FALSE,TRUE,TRUE
74,87,55,52,44,99,53,74,40,TRUE,TRUE,TRUE,TRUE
44,71,51,87,51,69,51,61,84,TRUE,TRUE,TRUE,TRUE
72,55,99,70,91,77,98,99,42,TRUE,FALSE,TRUE,TRUE
52,62,63,79,89,59,51,52,51,TRUE,FALSE,TRUE,TRUE
96,78,89,55,83,80,83,77,90,FALSE,TRUE,TRUE,FALSE
92,51,59,42,51,43,73,91,50,TRUE,TRUE,TRUE,TRUE
43,75,64,56,74,73,93,73,76,TRUE,TRUE,TRUE,FALSE
98,47,62,69,44,45,83,49,40,FALSE,FALSE,FALSE,TRUE
70,53,58,48,54,57,40,65,77,FALSE,FALSE,TRUE,TRUE
89,81,71,56,80,82,44,82,53,FALSE,TRUE,TRUE,FALSE
72,82,96,81,43,52,85,73,92,TRUE,FALSE,TRUE,TRUE
57,92,65,72,75,95,41,58,76,FALSE,FALSE,TRUE,TRUE
40,52,78,49,44,46,40,48,73,FALSE,TRUE,FALSE,TRUE
81,53,51,84,86,90,74,75,90,FALSE,TRUE,TRUE,TRUE
67,77,54,52,95,98,90,82,49,TRUE,FALSE,FALSE,TRUE
86,48,84,75,52,98,74,47,100,FALSE,TRUE,FALSE,TRUE
62,41,61,70,51,93,71,78,66,FALSE,FALSE,FALSE,FALSE
44,47,79,74,74,99,51,41,59,TRUE,FALSE,TRUE,FALSE
46,66,47,74,72,42,66,97,72,TRUE,TRUE,FALSE,TRUE
70,61,93,78,46,93,100,99,45,TRUE,TRUE,TRUE,FALSE
53,42,84,54,74,63,43,83,82,TRUE,FALSE,TRUE,FALSE
56,55,68,57,51,58,71,77,81,TRUE,FALSE,TRUE,TRUE
46,52,44,47,89,94,67,62,64,FALSE,FALSE,FALSE,FALSE
74,43,73,85,66,91,42,55,67,FALSE,FALSE,FALSE,FALSE
73,100,48,55,51,66,54,100,46,TRUE,TRUE,FALSE,FALSE
57,52,88,95,46,58,54,87,97,TRUE,TRUE,TRUE,FALSE
68,61,81,62,51,59,55,81,87,TRUE,FALSE,TRUE,FALSE
96,61,70,57,98,95,71,100,41,TRUE,FALSE,FALSE,TRUE
64,54,70,59,100,79,52,98,96,FALSE,TRUE,TRUE,FALSE
42,56,99,89,66,60,41,47,46,FALSE,TRUE,FALSE,TRUE
78,76,61,65,42,67,69,43,92,TRUE,TRUE,FALSE,TRUE
65,70,99,83,42,89,70,59,87,TRUE,TRUE,TRUE,FALSE
49,43,95,53,64,72,98,100,62,FALSE,TRUE,TRUE,FALSE
87,43,57,43,88,51,42,92,71,TRUE,FALSE,TRUE,TRUE
66,48,44,67,88,62,78,60,57,FALSE,FALSE,TRUE,TRUE
75,74,72,84,55,96,66,52,66,TRUE,FALSE,FALSE,FALSE
71,80,58,58,82,73,45,65,85,TRUE,TRUE,TRUE,FALSE
87,72,67,67,99,44,40,87,99,FALSE,FALSE,FALSE,FALSE
46,73,85,95,46,67,93,44,79,FALSE,TRUE,FALSE,FALSE
82,95,72,67,45,54,83,94,62,FALSE,FALSE,FALSE,TRUE
76,76,61,41,59,40,81,49,96,TRUE,TRUE,FALSE,FALSE
52,68,49,76,87,70,85,50,54,FALSE,FALSE,FALSE,TRUE
80,61,74,65,89,64,46,98,92,TRUE,TRUE,TRUE,TRUE
48,49,64,94,56,58,59,57,78,FALSE,FALSE,TRUE,FALSE
55,60,44,90,57,46,75,61,77,TRUE,TRUE,TRUE,TRUE
59,52,66,40,44,50,52,80,49,FALSE,TRUE,TRUE,FALSE
45,72,42,86,59,82,91,46,95,TRUE,FALSE,FALSE,TRUE
59,50,92,92,43,81,56,81,72,TRUE,FALSE,FALSE,FALSE
95,83,61,93,79,92,64,89,65,TRUE,TRUE,TRUE,FALSE
49,64,80,75,50,68,93,42,46,FALSE,FALSE,TRUE,FALSE
81,73,92,93,58,48,51,61,63,FALSE,TRUE,TRUE,TRUE
53,59,44,93,56,86,48,66,41,FALSE,FALSE,TRUE,FALSE
42,46,97,93,77,54,57,95,84,FALSE,TRUE,TRUE,TRUE
92,58,95,54,77,42,98,53,48,FALSE,FALSE,TRUE,TRUE
83,57,72,76,92,43,95,53,72,FALSE,FALSE,TRUE,FALSE
82,52,57,50,57,42,42,84,79,FALSE,TRUE,FALSE,TRUE
97,92,81,94,71,45,43,85,89,FALSE,TRUE,FALSE,FALSE
91,60,54,50,76,51,70,57,63,FALSE,TRUE,TRUE,TRUE
51,90,68,72,76,76,73,57,86,FALSE,FALSE,FALSE,FALSE
61,68,76,70,93,50,54,61,72,FALSE,FALSE,FALSE,FALSE
93,83,42,59,85,96,100,91,75,TRUE,TRUE,FALSE,TRUE
59,47,69,78,49,97,81,60,77,TRUE,FALSE,FALSE,FALSE
61,78,50,90,84,41,62,70,63,TRUE,FALSE,TRUE,TRUE
82,80,68,68,86,93,95,45,99,FALSE,FALSE,TRUE,TRUE
56,53,55,43,55,49,78,67,77,FALSE,TRUE,FALSE,TRUE
77,71,95,89,85,43,79,92,100,FALSE,TRUE,TRUE,TRUE
88,71,43,48,75,53,57,65,59,FALSE,TRUE,TRUE,FALSE
88,51,44,88,68,64,82,42,80,TRUE,FALSE,FALSE,TRUE
86,48,67,99,41,76,86,64,63,FALSE,FALSE,TRUE,FALSE
100,88,97,76,96,61,54,74,58,TRUE,FALSE,TRUE,FALSE
83,58,54,68,50,46,93,49,92,FALSE,FALSE,TRUE,FALSE
69,66,87,82,94,53,59,93,55,TRUE,FALSE,FALSE,TRUE
56,74,61,74,81,80,47,66,85,TRUE,FALSE,TRUE,FALSE
98,44,42,61,46,60,50,75,94,TRUE,FALSE,TRUE,TRUE
55,83,98,68,46,40,42,95,51,FALSE,TRUE,FALSE,TRUE
46,93,42,64,73,94,90,99,66,FALSE,FALSE,TRUE,FALSE
63,61,95,62,52,59,61,75,87,TRUE,TRUE,FALSE,FALSE
46,50,93,69,72,73,64,59,90,FALSE,FALSE,TRUE,FALSE
49,90,40,72,81,61,64,89,54,TRUE,TRUE,TRUE,TRUE
88,62,68,77,85,40,82,78,78,TRUE,TRUE,FALSE,FALSE
91,97,54,73,95,49,49,87,63,TRUE,TRUE,TRUE,FALSE
97,62,83,60,78,89,55,87,92,TRUE,FALSE,FALSE,TRUE
51,51,97,69,91,48,93,84,52,FALSE,FALSE,TRUE,TRUE
53,73,46,56,56,94,45,42,82,TRUE,FALSE,FALSE,FALSE
78,96,49,93,45,57,57,79,54,TRUE,FALSE,TRUE,FALSE
56,69,60,93,72,57,73,67,75,TRUE,TRUE,TRUE,FALSE
46,68,99,49,91,75,80,43,69,FALSE,TRUE,TRUE,FALSE
91,97,47,91,65,75,54,69,72,TRUE,TRUE,TRUE,FALSE
57,42,86,49,58,75,50,73,94,TRUE,FALSE,TRUE,FALSE
87,62,97,98,81,46,65,68,53,TRUE,FALSE,FALSE,FALSE
79,85,40,91,81,51,66,52,94,TRUE,TRUE,FALSE,FALSE
77,92,88,100,52,66,99,68,53,TRUE,FALSE,FALSE,TRUE
94,57,47,90,45,92,43,62,65,FALSE,TRUE,FALSE,TRUE
100,96,64,96,84,78,78,85,87,TRUE,TRUE,TRUE,TRUE
72,55,85,69,83,46,74,74,76,TRUE,TRUE,FALSE,FALSE
88,53,80,99,73,51,58,66,45,FALSE,FALSE,FALSE,FALSE
89,90,43,56,93,68,95,75,55,FALSE,FALSE,FALSE,FALSE
79,87,77,54,72,67,100,71,53,FALSE,TRUE,TRUE,FALSE
70,78,69,71,40,81,69,83,68,TRUE,TRUE,FALSE,FALSE
94,62,49,81,40,54,76,63,73,FALSE,FALSE,FALSE,FALSE
54,76,94,72,78,65,48,40,42,TRUE,TRUE,FALSE,FALSE
60,71,68,96,52,50,95,50,43,FALSE,TRUE,FALSE,FALSE
79,88,75,70,77,92,75,95,87,FALSE,FALSE,TRUE,FALSE
58,47,44,42,91,47,57,43,100,FALSE,TRUE,TRUE,FALSE
96,45,85,40,43,40,57,71,78,TRUE,TRUE,FALSE,TRUE
41,85,57,60,45,61,66,73,83,FALSE,TRUE,FALSE,TRUE
80,64,73,96,69,60,54,76,55,FALSE,TRUE,TRUE,FALSE
79,76,70,100,57,82,50,47,91,FALSE,FALSE,FALSE,FALSE
70,78,85,88,53,98,92,62,88,TRUE,TRUE,FALSE,FALSE
70,59,49,99,91,98,75,66,49,FALSE,TRUE,FALSE,FALSE
83,56,50,40,67,86,65,97,47,FALSE,TRUE,TRUE,FALSE
55,90,59,50,83,45,90,74,56,TRUE,TRUE,FALSE,TRUE
84,50,55,100,73,70,91,61,40,TRUE,FALSE,TRUE,TRUE
46,42,79,74,89,70,87,68,74,FALSE,TRUE,FALSE,FALSE
51,51,71,81,70,52,40,70,65,FALSE,FALSE,TRUE,FALSE
60,78,83,93,73,78,53,90,69,FALSE,TRUE,FALSE,FALSE
52,64,70,69,81,79,81,70,68,FALSE,FALSE,FALSE,FALSE
40,40,52,72,74,98,67,46,68,TRUE,FALSE,TRUE,TRUE
80,91,73,55,57,62,100,65,47,FALSE,TRUE,FALSE,FALSE
91,57,78,57,63,100,93,51,53,FALSE,FALSE,FALSE,FALSE
72,55,97,75,72,70,66,49,79,TRUE,TRUE,TRUE,FALSE
47,84,51,80,55,62,85,93,55,TRUE,TRUE,FALSE,FALSE
70,44,85,76,51,57,44,94,69,FALSE,TRUE,TRUE,FALSE
96,69,70,70,60,42,46,96,66,TRUE,TRUE,TRUE,FALSE
59,77,62,56,86,69,100,66,91,TRUE,TRUE,TRUE,TRUE
77,42,92,68,77,97,49,54,47,TRUE,FALSE,TRUE,TRUE
42,82,98,70,98,49,40,43,90,FALSE,FALSE,FALSE,FALSE
48,97,97,67,63,42,67,41,79,FALSE,TRUE,TRUE,TRUE
45,45,68,60,74,89,59,52,49,FALSE,FALSE,FALSE,TRUE
87,77,64,53,93,93,44,90,72,FALSE,TRUE,FALSE,FALSE
81,74,64,62,62,72,54,67,100,TRUE,FALSE,FALSE,TRUE
92,61,58,68,90,82,42,71,49,FALSE,TRUE,FALSE,TRUE
55,73,61,57,92,40,60,64,86,FALSE,TRUE,TRUE,FALSE
85,71,45,98,80,50,93,77,52,FALSE,FALSE,TRUE,TRUE
100,89,90,58,56,55,73,86,64,FALSE,TRUE,TRUE,FALSE
40,94,83,93,83,72,75,71,51,FALSE,FALSE,TRUE,FALSE
92,83,52,70,59,45,47,72,84,TRUE,FALSE,TRUE,TRUE
72,73,46,40,94,66,54,91,73,TRUE,FALSE,FALSE,FALSE
48,42,85,77,57,74,57,42,53,TRUE,FALSE,FALSE,FALSE
64,61,99,75,55,70,96,54,83,FALSE,FALSE,FALSE,FALSE
97,66,60,89,70,81,54,99,68,TRUE,TRUE,TRUE,TRUE
92,57,77,80,50,93,96,74,77,TRUE,TRUE,FALSE,TRUE
58,42,81,83,50,68,65,51,63,TRUE,FALSE,FALSE,FALSE
58,86,96,92,41,60,64,91,63,TRUE,TRUE,TRUE,TRUE
81,70,58,69,76,45,95,85,48,FALSE,FALSE,TRUE,TRUE
91,88,90,45,87,94,89,42,44,FALSE,TRUE,TRUE,TRUE
79,75,76,64,97,66,63,40,60,TRUE,FALSE,FALSE,TRUE
59,84,83,83,40,86,79,62,81,FALSE,FALSE,FALSE,FALSE
75,61,63,83,69,42,73,52,98,FALSE,TRUE,FALSE,FALSE
77,65,68,98,47,41,46,50,61,TRUE,FALSE,TRUE,FALSE
83,42,86,70,40,60,41,60,56,FALSE,FALSE,FALSE,TRUE
48,80,61,48,89,92,67,55,96,TRUE,FALSE,FALSE,FALSE
74,74,91,56,78,98,43,93,47,TRUE,FALSE,TRUE,FALSE
74,42,47,92,92,55,77,73,51,TRUE,FALSE,TRUE,TRUE
81,49,52,80,47,55,44,72,80,FALSE,TRUE,FALSE,FALSE
76,90,75,90,65,71,56,77,70,TRUE,FALSE,FALSE,FALSE
91,62,49,49,81,65,86,60,79,FALSE,FALSE,FALSE,FALSE
81,77,51,90,75,50,54,50,95,FALSE,FALSE,FALSE,TRUE
84,89,74,45,71,81,72,51,58,FALSE,FALSE,FALSE,FALSE
53,99,88,67,65,50,53,92,79,FALSE,FALSE,TRUE,FALSE
49,52,47,44,82,96,80,66,46,TRUE,FALSE,FALSE,TRUE
85,99,95,75,63,79,89,92,49,FALSE,TRUE,FALSE,FALSE
75,83,66,100,94,63,69,43,64,TRUE,FALSE,TRUE,TRUE
89,40,86,77,74,64,44,79,70,FALSE,TRUE,FALSE,TRUE
67,75,47,56,48,95,94,78,64,FALSE,TRUE,FALSE,TRUE
94,82,67,62,78,76,93,46,63,FALSE,TRUE,TRUE,FALSE
64,81,50,67,50,48,86,66,61,TRUE,FALSE,TRUE,FALSE
86,76,97,58,76,60,77,89,68,TRUE,TRUE,TRUE,FALSE
67,77,88,48,45,97,60,77,95,FALSE,FALSE,TRUE,FALSE
75,92,41,78,70,99,55,96,96,TRUE,FALSE,TRUE,TRUE
67,52,99,62,51,63,93,84,49,FALSE,TRUE,TRUE,TRUE
89,83,70,98,48,40,59,74,42,FALSE,FALSE,TRUE,TRUE
87,41,55,78,84,57,71,79,62,FALSE,FALSE,FALSE,FALSE
62,50,58,54,60,74,90,53,79,TRUE,FALSE,FALSE,TRUE
43,88,94,63,40,71,56,61,81,TRUE,TRUE,FALSE,FALSE
74,86,70,53,41,80,87,92,47,FALSE,FALSE,FALSE,FALSE
78,45,64,52,91,93,60,59,51,FALSE,TRUE,FALSE,FALSE
41,82,58,61,80,85,80,80,70,FALSE,FALSE,FALSE,TRUE
76,74,71,52,52,85,70,56,92,FALSE,FALSE,FALSE,TRUE
44,85,60,75,51,97,86,86,55,FALSE,FALSE,FALSE,TRUE
54,48,57,77,72,85,47,48,81,TRUE,FALSE,FALSE,TRUE
76,65,73,55,80,77,73,80,90,TRUE,TRUE,FALSE,TRUE
51,99,85,44,64,69,43,82,54,TRUE,TRUE,FALSE,TRUE
84,46,96,49,60,66,75,100,53,FALSE,TRUE,FALSE,TRUE
64,51,72,65,63,49,70,71,46,TRUE,FALSE,FALSE,FALSE
58,70,65,51,60,69,53,69,91,TRUE,FALSE,TRUE,TRUE
49,54,70,80,79,79,53,65,76,FALSE,TRUE,FALSE,FALSE
63,73,64,40,96,70,75,66,60,FALSE,FALSE,TRUE,FALSE
93,57,68,58,83,99,53,67,84,FALSE,TRUE,FALSE,TRUE
63,71,98,83,94,82,77,94,97,TRUE,FALSE,FALSE,TRUE
89,74,92,84,88,68,55,91,86,TRUE,TRUE,FALSE,TRUE
87,40,64,43,85,81,88,52,55,FALSE,TRUE,FALSE,TRUE
97,89,90,75,46,68,62,72,75,TRUE,TRUE,FALSE,FALSE
58,73,44,75,96,74,47,90,66,TRUE,TRUE,TRUE,FALSE
58,87,52,81,81,46,87,67,78,FALSE,FALSE,FALSE,TRUE
60,72,93,51,77,94,77,46,90,FALSE,FALSE,FALSE,FALSE
92,90,43,85,95,51,57,78,75,FALSE,FALSE,FALSE,FALSE
71,53,87,58,96,67,62,57,63,TRUE,FALSE,TRUE,FALSE
100,90,52,66,52,57,75,60,75,FALSE,TRUE,TRUE,FALSE
86,62,49,91,47,49,56,52,79,TRUE,FALSE,TRUE,TRUE
51,94,63,56,81,50,93,76,99,FALSE,FALSE,FALSE,FALSE
89,47,71,67,57,76,43,72,64,TRUE,TRUE,FALSE,FALSE
65,61,52,87,67,100,94,43,76,TRUE,FALSE,TRUE,TRUE
84,86,96,89,43,62,46,93,58,TRUE,FALSE,FALSE,FALSE
82,46,43,40,68,49,91,58,45,FALSE,TRUE,FALSE,FALSE
66,65,82,72,51,49,80,83,87,TRUE,TRUE,TRUE,FALSE
73,73,90,69,54,64,75,46,93,FALSE,TRUE,TRUE,TRUE
43,76,62,70,61,81,44,42,92,TRUE,TRUE,FALSE,FALSE
59,83,85,79,41,40,43,78,95,FALSE,TRUE,FALSE,FALSE
68,51,71,95,91,43,81,47,58,FALSE,FALSE,TRUE,FALSE
92,43,79,50,99,99,100,87,71,TRUE,TRUE,TRUE,TRUE
97,95,49,73,46,42,57,91,44,TRUE,FALSE,TRUE,FALSE
42,96,62,52,56,49,72,79,76,TRUE,FALSE,FALSE,FALSE
79,67,89,53,73,48,69,98,88,TRUE,FALSE,FALSE,FALSE
74,64,48,74,66,49,91,80,83,FALSE,FALSE,FALSE,FALSE
90,96,87,88,70,43,62,57,98,FALSE,FALSE,FALSE,TRUE
47,58,67,54,53,100,53,56,55,FALSE,FALSE,FALSE,TRUE
67,48,78,53,51,40,63,78,54,TRUE,FALSE,FALSE,FALSE
96,89,88,83,54,98,55,86,58,TRUE,TRUE,FALSE,TRUE
73,57,47,53,86,66,60,57,90,FALSE,FALSE,FALSE,TRUE
70,45,59,80,65,69,62,41,76,FALSE,TRUE,TRUE,FALSE
54,62,85,80,45,94,81,100,90,TRUE,FALSE,FALSE,TRUE
46,53,61,47,79,88,81,55,68,FALSE,TRUE,TRUE,FALSE
41,66,97,97,61,95,44,59,64,FALSE,FALSE,TRUE,FALSE
67,85,64,81,68,81,71,79,69,FALSE,TRUE,FALSE,FALSE
62,87,45,75,100,96,76,53,50,TRUE,TRUE,TRUE,FALSE
66,67,48,55,43,55,63,56,78,FALSE,FALSE,FALSE,FALSE
65,55,42,100,76,55,57,94,40,FALSE,TRUE,TRUE,TRUE
59,90,41,82,53,54,84,40,45,FALSE,TRUE,FALSE,TRUE
44,62,41,70,94,50,61,96,91,TRUE,TRUE,TRUE,TRUE
67,56,70,80,70,76,75,90,44,TRUE,TRUE,TRUE,FALSE
91,98,61,53,72,95,86,69,97,FALSE,TRUE,FALSE,TRUE
60,63,68,78,61,91,68,95,72,FALSE,TRUE,FALSE,TRUE
86,70,99,93,99,47,55,88,57,FALSE,FALSE,TRUE,FALSE
56,71,97,66,51,96,46,70,45,FALSE,TRUE,FALSE,TRUE
71,64,70,59,83,74,64,77,89,TRUE,FALSE,FALSE,FALSE
51,95,97,71,79,42,53,46,48,FALSE,TRUE,FALSE,TRUE
73,91,48,49,98,100,69,84,74,TRUE,TRUE,TRUE,TRUE
43,99,50,92,52,59,63,47,82,FALSE,FALSE,TRUE,TRUE
87,41,70,58,65,56,74,67,47,TRUE,FALSE,FALSE,TRUE
41,80,59,88,79,52,100,79,48,FALSE,TRUE,FALSE,FALSE
78,90,41,70,89,67,82,77,92,FALSE,FALSE,TRUE,FALSE
57,97,77,49,56,61,88,41,86,TRUE,TRUE,TRUE,TRUE
45,68,40,94,56,83,58,49,45,TRUE,TRUE,TRUE,TRUE
75,73,82,46,80,49,67,52,60,FALSE,FALSE,TRUE,TRUE
48,95,42,79,52,86,61,66,85,TRUE,FALSE,TRUE,FALSE
41,49,67,64,64,86,80,43,92,FALSE,FALSE,TRUE,TRUE
80,71,58,73,84,64,71,56,47,TRUE,FALSE,TRUE,FALSE
40,75,63,57,76,77,63,44,84,FALSE,TRUE,FALSE,FALSE
45,73,89,100,73,99,99,87,42,TRUE,FALSE,FALSE,FALSE
75,62,88,72,66,40,53,96,46,TRUE,TRUE,FALSE,FALSE
70,97,97,59,65,64,46,47,49,TRUE,FALSE,TRUE,TRUE
87,59,50,83,99,69,90,50,88,FALSE,TRUE,TRUE,FALSE
62,91,86,77,62,85,52,49,83,TRUE,TRUE,TRUE,FALSE
71,91,94,56,78,61,87,90,40,FALSE,TRUE,TRUE,FALSE
81,55,92,95,96,57,50,90,79,FALSE,TRUE,TRUE,TRUE
88,96,47,75,42,65,89,84,86,FALSE,TRUE,FALSE,TRUE
62,45,79,100,68,66,52,47,40,FALSE,FALSE,TRUE,FALSE
67,81,44,60,73,98,83,96,53,TRUE,TRUE,FALSE,FALSE
90,40,67,77,92,62,77,71,61,TRUE,FALSE,TRUE,TRUE
41,74,75,74,89,59,63,62,81,TRUE,FALSE,FALSE,TRUE
62,44,61,51,56,80,66,49,43,FALSE,TRUE,FALSE,FALSE
100,44,99,96,67,83,62,45,61,FALSE,TRUE,TRUE,FALSE
99,60,98,52,84,91,78,99,62,FALSE,TRUE,TRUE,TRUE
57,76,60,97,94,91,66,50,76,FALSE,FALSE,TRUE,FALSE
81,49,73,49,83,69,93,100,51,TRUE,FALSE,FALSE,FALSE
98,52,61,96,53,79,59,82,55,TRUE,TRUE,FALSE,FALSE
41,74,69,86,58,56,73,100,64,FALSE,TRUE,FALSE,FALSE
83,57,70,67,93,61,78,43,49,FALSE,TRUE,FALSE,TRUE
72,69,62,86,44,70,90,64,90,TRUE,FALSE,TRUE,FALSE
67,96,99,53,58,77,88,89,52,FALSE,TRUE,FALSE,FALSE
60,42,57,75,47,45,48,70,83,TRUE,FALSE,FALSE,FALSE
46,56,61,45,64,85,89,97,70,TRUE,FALSE,FALSE,FALSE
50,51,74,87,81,95,67,82,79,TRUE,FALSE,FALSE,FALSE
57,57,74,80,95,74,96,93,70,TRUE,FALSE,TRUE,FALSE
83,67,76,53,97,58,88,56,41,FALSE,FALSE,FALSE,TRUE
94,56,64,87,47,74,70,89,96,FALSE,FALSE,TRUE,TRUE
78,67,98,92,61,79,64,81,66,FALSE,FALSE,FALSE,FALSE
65,80,60,89,61,92,64,87,88,TRUE,TRUE,FALSE,FALSE
49,62,49,51,89,65,45,66,46,FALSE,TRUE,FALSE,FALSE
68,74,54,51,84,59,56,52,59,FALSE,TRUE,TRUE,FALSE
92,88,72,63,86,87,90,86,53,TRUE,FALSE,FALSE,FALSE
95,75,84,64,51,58,51,82,74,TRUE,FALSE,TRUE,FALSE
95,46,59,47,50,73,41,97,68,TRUE,FALSE,TRUE,FALSE
82,47,77,88,70,79,89,100,98,TRUE,FALSE,FALSE,TRUE
97,48,88,92,46,66,98,43,89,FALSE,FALSE,FALSE,TRUE
56,42,50,73,87,67,74,91,82,TRUE,FALSE,FALSE,FALSE
60,50,60,95,55,70,77,95,42,TRUE,FALSE,FALSE,FALSE
55,60,44,41,70,98,44,81,81,TRUE,FALSE,TRUE,FALSE
43,85,57,93,41,94,43,53,83,FALSE,FALSE,TRUE,TRUE
73,83,57,40,43,66,98,44,62,TRUE,TRUE,TRUE,TRUE
81,79,100,86,55,100,53,57,100,FALSE,TRUE,TRUE,TRUE
74,40,40,76,56,76,61,77,60,TRUE,TRUE,FALSE,FALSE
46,84,44,45,100,69,84,84,54,FALSE,FALSE,TRUE,TRUE
42,66,48,85,86,54,100,86,86,TRUE,TRUE,TRUE,TRUE
59,56,76,69,56,47,72,45,86,FALSE,FALSE,TRUE,FALSE
78,88,69,62,75,55,41,59,90,FALSE,FALSE,FALSE,TRUE
65,78,58,62,67,78,73,85,43,FALSE,TRUE,TRUE,FALSE
48,50,53,82,97,69,54,41,65,FALSE,FALSE,FALSE,TRUE
74,61,83,100,100,83,75,43,91,TRUE,TRUE,TRUE,TRUE
48,70,50,53,68,55,85,86,71,TRUE,FALSE,TRUE,TRUE
93,54,69,81,80,56,67,69,95,FALSE,FALSE,TRUE,FALSE
51,45,47,79,82,60,61,51,99,FALSE,FALSE,FALSE,FALSE
84,92,62,58,70,58,61,85,44,FALSE,FALSE,FALSE,FALSE
98,44,54,83,41,93,76,50,55,TRUE,FALSE,FALSE,FALSE
58,83,92,78,98,42,72,60,47,TRUE,FALSE,FALSE,FALSE
85,81,68,47,100,98,64,79,58,FALSE,FALSE,FALSE,TRUE
85,79,44,50,68,76,44,69,80,TRUE,TRUE,FALSE,TRUE
61,94,68,52,84,59,46,60,100,FALSE,FALSE,TRUE,FALSE
99,93,49,85,90,45,52,56,68,TRUE,TRUE,FALSE,TRUE
72,66,77,83,94,99,81,98,51,TRUE,TRUE,FALSE,FALSE
85,69,96,80,51,74,82,98,43,FALSE,FALSE,TRUE,TRUE
80,64,41,72,56,85,59,69,89,FALSE,FALSE,FALSE,TRUE
66,99,85,42,74,66,70,77,81,FALSE,TRUE,TRUE,TRUE
58,96,67,99,61,79,90,80,91,FALSE,TRUE,TRUE,FALSE
57,61,96,60,90,77,44,40,75,FALSE,FALSE,FALSE,TRUE
94,62,53,45,88,68,89,69,40,FALSE,TRUE,TRUE,FALSE
81,64,75,99,93,57,95,70,73,TRUE,FALSE,FALSE,FALSE
65,58,68,91,90,97,95,73,78,FALSE,TRUE,FALSE,TRUE
73,86,41,91,60,95,80,80,50,TRUE,FALSE,TRUE,FALSE
88,61,66,70,94,78,61,81,92,TRUE,TRUE,FALSE,FALSE
91,73,98,54,79,88,90,66,100,TRUE,FALSE,TRUE,FALSE
46,48,76,77,41,56,85,44,85,TRUE,FALSE,TRUE,TRUE
94,41,84,77,75,80,53,51,54,FALSE,TRUE,TRUE,FALSE
52,100,94,76,43,70,43,92,60,FALSE,TRUE,TRUE,FALSE
43,64,66,82,57,95,46,85,60,TRUE,FALSE,TRUE,FALSE
70,50,66,69,83,50,50,56,43,TRUE,FALSE,FALSE,FALSE
43,53,46,74,70,95,72,100,52,FALSE,FALSE,TRUE,FALSE
48,78,43,58,62,85,74,56,60,TRUE,FALSE,TRUE,TRUE
62,47,55,49,46,88,90,54,50,TRUE,FALSE,TRUE,TRUE
55,50,76,49,93,87,46,53,98,TRUE,TRUE,FALSE,TRUE
52,74,75,87,90,51,45,59,62,TRUE,TRUE,TRUE,TRUE
97,83,86,74,98,65,89,60,63,FALSE,FALSE,FALSE,FALSE
54,89,88,71,69,65,87,59,98,FALSE,FALSE,TRUE,TRUE
94,44,92,52,53,100,89,67,93,TRUE,TRUE,TRUE,TRUE
49,74,41,81,74,91,44,40,57,TRUE,FALSE,FALSE,FALSE
63,48,83,88,79,53,71,54,71,FALSE,TRUE,TRUE,TRUE
100,86,99,70,51,98,74,57,66,FALSE,FALSE,FALSE,FALSE
84,56,46,88,87,52,82,51,66,TRUE,TRUE,FALSE,FALSE
61,99,47,93,47,41,54,72,89,TRUE,TRUE,TRUE,FALSE
95,48,99,62,100,74,61,63,86,TRUE,TRUE,FALSE,FALSE
53,88,43,54,93,63,95,49,40,TRUE,TRUE,TRUE,TRUE
73,81,41,76,67,66,75,84,57,TRUE,TRUE,FALSE,TRUE
88,59,69,99,95,79,82,98,77,FALSE,TRUE,TRUE,FALSE
69,93,70,79,89,87,45,93,40,FALSE,FALSE,TRUE,TRUE
84,87,71,89,85,77,48,79,84,TRUE,FALSE,TRUE,FALSE
99,96,73,61,70,77,51,81,90,TRUE,TRUE,FALSE,FALSE
78,79,72,93,53,55,78,86,82,TRUE,FALSE,FALSE,FALSE
91,89,42,78,93,48,65,65,64,FALSE,FALSE,TRUE,TRUE
74,82,76,84,64,67,92,75,86,FALSE,TRUE,FALSE,FALSE
72,72,98,85,90,43,65,77,95,TRUE,FALSE,FALSE,TRUE
88,57,95,49,57,73,87,91,81,TRUE,FALSE,TRUE,TRUE
83,83,90,77,56,77,91,63,91,FALSE,FALSE,FALSE,FALSE
60,57,87,55,94,62,99,74,76,FALSE,TRUE,TRUE,TRUE
66,82,71,66,54,86,68,55,91,FALSE,FALSE,FALSE,TRUE
53,96,61,85,42,87,79,93,83,FALSE,TRUE,TRUE,TRUE
99,61,75,63,40,93,95,74,74,FALSE,TRUE,TRUE,FALSE
50,55,54,43,88,68,66,72,92,FALSE,TRUE,FALSE,TRUE
60,61,91,57,100,48,71,60,47,FALSE,TRUE,TRUE,FALSE
73,65,64,85,70,80,47,97,70,TRUE,TRUE,TRUE,TRUE
60,90,68,85,45,95,60,81,84,TRUE,FALSE,TRUE,FALSE
71,50,84,40,95,82,76,77,96,TRUE,TRUE,FALSE,FALSE
92,76,59,57,99,50,42,74,86,TRUE,FALSE,TRUE,FALSE
75,78,79,46,72,80,42,89,60,FALSE,TRUE,FALSE,TRUE
86,88,71,94,55,42,50,49,53,FALSE,TRUE,FALSE,FALSE
76,69,79,95,49,43,59,100,87,FALSE,TRUE,TRUE,FALSE
52,83,62,73,40,75,87,76,62,FALSE,FALSE,TRUE,TRUE
50,75,63,60,42,94,72,44,98,TRUE,TRUE,FALSE,FALSE
46,96,85,90,69,95,41,61,44,FALSE,FALSE,TRUE,FALSE
80,80,71,50,72,93,99,92,100,TRUE,FALSE,FALSE,FALSE
62,90,81,76,50,89,66,40,77,FALSE,TRUE,FALSE,FALSE
88,51,76,89,56,99,70,56,47,FALSE,FALSE,FALSE,FALSE
84,100,46,42,40,60,58,99,47,FALSE,FALSE,TRUE,FALSE
58,45,55,53,98,42,87,59,85,TRUE,TRUE,TRUE,FALSE
47,74,87,55,61,48,74,96,73,TRUE,FALSE,FALSE,TRUE
59,41,55,92,65,74,43,94,75,TRUE,TRUE,TRUE,TRUE
53,42,52,59,80,44,42,44,63,TRUE,FALSE,FALSE,TRUE
92,58,42,67,95,90,75,69,53,TRUE,FALSE,TRUE,FALSE
80,75,99,71,100,47,60,64,81,TRUE,TRUE,FALSE,TRUE
67,67,60,47,57,82,68,41,87,FALSE,FALSE,FALSE,TRUE
51,84,71,84,88,97,76,59,61,TRUE,TRUE,FALSE,TRUE
98,92,77,100,69,50,74,51,98,TRUE,TRUE,TRUE,TRUE
58,70,68,44,65,94,43,90,41,FALSE,FALSE,TRUE,FALSE
82,69,85,41,61,92,81,70,100,TRUE,TRUE,FALSE,FALSE
60,74,98,55,43,66,75,77,77,FALSE,TRUE,TRUE,FALSE
97,83,66,73,78,51,96,77,92,TRUE,FALSE,TRUE,TRUE
99,74,49,48,73,47,88,75,54,FALSE,FALSE,FALSE,FALSE
96,44,89,59,73,59,89,59,57,TRUE,FALSE,TRUE,TRUE
42,83,78,70,57,88,69,50,76,TRUE,FALSE,TRUE,TRUE
72,42,57,98,45,45,83,89,64,TRUE,FALSE,TRUE,TRUE
59,56,92,46,52,95,55,81,68,TRUE,FALSE,FALSE,TRUE
42,56,63,78,80,79,92,79,54,TRUE,TRUE,TRUE,FALSE
75,63,62,95,100,64,69,72,50,TRUE,FALSE,FALSE,TRUE
98,64,83,79,71,80,62,73,91,TRUE,FALSE,FALSE,FALSE
84,53,91,76,74,78,78,65,82,TRUE,FALSE,TRUE,FALSE
49,83,68,57,45,94,72,70,86,FALSE,TRUE,FALSE,FALSE
41,97,47,64,93,77,75,44,63,FALSE,TRUE,FALSE,TRUE
64,52,52,66,45,57,71,62,70,TRUE,FALSE,TRUE,FALSE
56,68,88,40,61,48,94,88,68,FALSE,FALSE,FALSE,FALSE
53,44,68,46,66,77,55,74,73,TRUE,TRUE,TRUE,TRUE
83,79,71,45,52,85,83,63,96,TRUE,FALSE,FALSE,FALSE
43,40,67,68,82,93,90,78,93,FALSE,TRUE,FALSE,TRUE
73,78,56,73,59,40,66,43,54,FALSE,TRUE,TRUE,TRUE
91,48,98,99,64,73,94,92,48,FALSE,TRUE,FALSE,FALSE
71,87,45,76,44,97,86,99,43,TRUE,TRUE,TRUE,FALSE
84,59,55,54,60,100,67,74,81,FALSE,TRUE,FALSE,FALSE
77,65,98,79,80,83,47,89,54,FALSE,TRUE,TRUE,FALSE
79,65,70,94,52,63,89,75,88,FALSE,FALSE,TRUE,TRUE
57,59,93,58,46,87,57,61,56,FALSE,TRUE,TRUE,FALSE
81,59,58,45,63,54,51,41,93,TRUE,TRUE,FALSE,FALSE
57,89,94,65,87,48,90,48,41,TRUE,FALSE,FALSE,TRUE
89,40,54,45,100,68,73,85,78,FALSE,FALSE,FALSE,FALSE
98,54,63,88,49,53,76,87,69,TRUE,TRUE,FALSE,FALSE
50,91,53,97,47,53,52,94,54,TRUE,TRUE,TRUE,TRUE
81,59,53,91,77,78,64,56,71,FALSE,TRUE,FALSE,TRUE
89,54,72,56,84,70,83,87,66,TRUE,TRUE,TRUE,TRUE
87,49,98,49,50,41,64,96,91,FALSE,FALSE,FALSE,TRUE
78,69,57,84,51,91,68,89,77,TRUE,FALSE,TRUE,FALSE
97,47,87,89,96,61,45,64,57,FALSE,FALSE,FALSE,TRUE
96,51,99,73,66,50,66,45,63,FALSE,FALSE,FALSE,FALSE
80,55,43,80,68,77,99,55,58,TRUE,FALSE,FALSE,FALSE
98,40,85,78,43,45,89,70,94,FALSE,TRUE,TRUE,TRUE
71,53,59,42,46,44,51,40,80,TRUE,TRUE,TRUE,FALSE
48,78,88,85,85,97,73,50,79,FALSE,TRUE,FALSE,FALSE
73,58,78,79,47,80,49,70,67,FALSE,TRUE,FALSE,FALSE
76,96,60,72,79,96,88,43,76,FALSE,FALSE,FALSE,TRUE
84,80,81,80,61,70,94,62,100,TRUE,TRUE,TRUE,FALSE
79,64,96,63,69,85,71,64,54,TRUE,FALSE,TRUE,TRUE
90,78,40,57,92,75,86,88,58,FALSE,FALSE,FALSE,TRUE
92,87,62,81,98,45,87,94,77,TRUE,FALSE,FALSE,FALSE
97,73,87,99,95,92,78,40,73,TRUE,TRUE,FALSE,TRUE
71,40,75,54,41,80,52,56,59,TRUE,FALSE,FALSE,FALSE
41,54,85,44,70,90,94,88,73,FALSE,TRUE,FALSE,FALSE
97,61,42,58,89,64,58,97,98,TRUE,TRUE,FALSE,TRUE
76,41,90,74,65,88,98,64,49,TRUE,TRUE,FALSE,FALSE
99,61,100,81,45,49,44,68,71,TRUE,TRUE,FALSE,FALSE
47,42,44,59,93,86,64,79,85,FALSE,TRUE,TRUE,TRUE
88,47,53,53,90,68,57,88,72,TRUE,FALSE,FALSE,FALSE
55,62,70,63,44,73,63,49,79,FALSE,TRUE,TRUE,FALSE
95,44,48,98,85,50,48,68,98,FALSE,TRUE,FALSE,FALSE
69,82,99,66,100,89,100,97,79,TRUE,TRUE,TRUE,FALSE
76,95,94,82,95,84,83,56,98,FALSE,FALSE,FALSE,TRUE
55,51,84,64,66,42,100,50,87,FALSE,FALSE,FALSE,TRUE
75,74,60,89,67,54,48,83,43,FALSE,FALSE,FALSE,FALSE
71,47,59,51,88,56,62,76,93,FALSE,TRUE,FALSE,FALSE
71,54,80,68,46,72,96,60,44,FALSE,TRUE,TRUE,TRUE
53,46,68,75,98,47,77,40,72,FALSE,FALSE,FALSE,FALSE
67,81,50,64,100,82,52,97,55,FALSE,TRUE,FALSE,TRUE
74,47,61,60,91,42,97,52,41,FALSE,FALSE,FALSE,FALSE
87,77,77,74,74,94,45,63,50,FALSE,TRUE,TRUE,FALSE
47,90,48,51,70,88,52,97,44,TRUE,FALSE,TRUE,TRUE
70,72,80,95,86,75,60,73,41,FALSE,TRUE,FALSE,TRUE
86,96,95,90,90,46,100,89,84,FALSE,FALSE,FALSE,FALSE
78,90,76,95,60,82,89,92,79,FALSE,TRUE,FALSE,FALSE
70,50,57,70,88,60,65,49,76,TRUE,FALSE,FALSE,TRUE
50,56,51,89,78,84,51,71,70,FALSE,TRUE,FALSE,FALSE
56,71,84,88,57,75,82,87,71,TRUE,FALSE,FALSE,FALSE
61,58,46,99,90,54,66,78,99,TRUE,FALSE,TRUE,TRUE
87,45,95,59,90,72,51,75,47,TRUE,FALSE,TRUE,FALSE
72,95,60,43,51,76,84,95,42,FALSE,FALSE,FALSE,TRUE
73,71,74,56,75,96,72,77,74,TRUE,TRUE,FALSE,FALSE
50,47,90,44,93,97,78,65,77,TRUE,FALSE,FALSE,TRUE
68,98,88,80,56,99,71,61,68,FALSE,FALSE,FALSE,TRUE
92,86,97,92,49,53,83,70,62,FALSE,FALSE,TRUE,FALSE
59,95,97,60,96,85,69,61,88,TRUE,FALSE,FALSE,FALSE
65,77,47,98,97,64,67,49,65,TRUE,TRUE,TRUE,TRUE
89,66,46,73,57,94,42,43,45,FALSE,FALSE,FALSE,FALSE
64,47,69,71,66,74,59,60,42,TRUE,TRUE,TRUE,FALSE
99,96,52,80,67,98,62,93,63,FALSE,FALSE,TRUE,FALSE
57,50,60,53,98,69,43,58,52,FALSE,TRUE,TRUE,FALSE
62,80,72,59,66,84,91,60,89,TRUE,TRUE,TRUE,FALSE
68,54,46,94,45,65,57,92,59,TRUE,FALSE,FALSE,FALSE
71,50,57,65,96,73,88,54,78,FALSE,TRUE,TRUE,FALSE
53,89,61,72,99,40,91,99,82,FALSE,FALSE,TRUE,TRUE
53,76,97,99,71,73,77,91,56,TRUE,FALSE,FALSE,FALSE
83,53,79,92,64,89,73,42,90,FALSE,TRUE,FALSE,TRUE
61,76,72,94,63,87,52,45,72,FALSE,TRUE,FALSE,TRUE
54,77,89,60,99,76,98,78,69,TRUE,TRUE,FALSE,FALSE
50,40,41,98,40,89,92,71,41,FALSE,TRUE,TRUE,FALSE
41,60,98,85,50,74,84,100,57,FALSE,TRUE,TRUE,FALSE
96,43,69,83,82,91,94,52,49,FALSE,FALSE,TRUE,TRUE
58,52,78,42,57,63,82,93,90,FALSE,FALSE,FALSE,FALSE
81,61,42,82,87,51,44,66,94,TRUE,FALSE,TRUE,FALSE
72,41,61,90,92,99,75,94,60,FALSE,FALSE,FALSE,FALSE
62,89,65,40,60,83,64,76,88,FALSE,TRUE,FALSE,TRUE
64,90,97,64,42,42,62,96,89,FALSE,FALSE,FALSE,TRUE
79,61,70,55,68,52,81,51,40,TRUE,FALSE,FALSE,TRUE
80,98,40,78,42,82,90,63,86,FALSE,TRUE,FALSE,TRUE
63,84,74,83,56,89,53,46,81,FALSE,TRUE,TRUE,TRUE
94,82,77,76,49,43,60,92,45,FALSE,TRUE,TRUE,FALSE
61,83,74,47,54,70,49,57,55,TRUE,FALSE,FALSE,FALSE
41,86,76,50,57,62,69,63,74,FALSE,TRUE,TRUE,TRUE
76,58,80,89,57,59,78,47,77,TRUE,TRUE,TRUE,TRUE
45,53,58,60,85,49,66,56,66,FALSE,FALSE,FALSE,TRUE
87,80,77,69,48,95,46,57,80,FALSE,FALSE,TRUE,FALSE
54,97,99,51,62,48,85,61,99,TRUE,FALSE,TRUE,TRUE
60,88,73,59,64,50,100,49,53,TRUE,FALSE,FALSE,FALSE
81,50,72,65,50,47,47,76,69,TRUE,TRUE,TRUE,FALSE
50,53,51,94,61,96,91,93,99,TRUE,TRUE,FALSE,TRUE
65,58,43,93,54,97,70,69,76,FALSE,FALSE,FALSE,FALSE
48,59,42,78,90,92,75,59,69,TRUE,TRUE,FALSE,FALSE
45,62,68,92,85,91,88,78,89,TRUE,TRUE,FALSE,FALSE
60,85,93,92,63,80,85,78,46,TRUE,FALSE,FALSE,FALSE
50,67,87,98,53,43,64,80,84,FALSE,FALSE,FALSE,TRUE
69,77,66,68,82,88,59,41,81,TRUE,FALSE,FALSE,FALSE
97,77,72,52,91,57,55,51,69,FALSE,TRUE,FALSE,FALSE
97,74,74,49,82,89,48,100,85,FALSE,TRUE,TRUE,TRUE
